avg queries,success rate
689.3848515864893,97.7
693.9167512690356,98.5
668.8514750762971,98.3
